repo,rank_number,actor,company,commits,percent,all_commits
acornjs/acorn,1,marijnh,Independent,178,0.04618,385483
acornjs/acorn,2,adrianheine,(Unknown),33,0.00856,385483
acornjs/acorn,3,TimothyGu,UCLA ACM,17,0.00441,385483
ahmadnassri/node-har-validator,1,ahmadnassri,(Unknown),7,0.00182,385483
angular/angular,1,mhevery,Google,7812,2.02655,385483
angular/angular,2,alexeagle,Google,6362,1.65040,385483
angular/angular,3,IgorMinar,Google,3109,0.80652,385483
angular/angular.js,1,Narretz,Independent,1628,0.42233,385483
angular/angular.js,2,matsko,Google,1468,0.38082,385483
angular/angular.js,3,petebacondarwin,Independent,1372,0.35592,385483
angular/animations-builds,1,mhevery,Google,2058,0.53388,385483
angular/animations-builds,2,matsko,Google,1373,0.35618,385483
angular/animations-builds,3,kara,Google,1231,0.31934,385483
angular/cdk-builds,1,crisbeto,Momondo,1261,0.32712,385483
angular/cdk-builds,2,PaulGap,(Unknown),510,0.13230,385483
angular/cdk-builds,3,jelbourn,Google,212,0.05500,385483
angular/common-builds,1,mhevery,Google,3628,0.94116,385483
angular/common-builds,2,matsko,Google,1414,0.36681,385483
angular/common-builds,3,IgorMinar,Google,1400,0.36318,385483
angular/core-builds,1,mhevery,Google,3738,0.96969,385483
angular/core-builds,2,matsko,Google,1416,0.36733,385483
angular/core-builds,3,IgorMinar,Google,1400,0.36318,385483
angular/forms-builds,1,mhevery,Google,3427,0.88901,385483
angular/forms-builds,2,matsko,Google,1398,0.36266,385483
angular/forms-builds,3,IgorMinar,Google,1386,0.35955,385483
angular/http-builds,1,mhevery,Google,3032,0.78655,385483
angular/http-builds,2,IgorMinar,Google,1163,0.30170,385483
angular/http-builds,3,matsko,Google,882,0.22880,385483
angular/platform-browser-builds,1,mhevery,Google,3594,0.93234,385483
angular/platform-browser-builds,2,matsko,Google,1415,0.36707,385483
angular/platform-browser-builds,3,IgorMinar,Google,1391,0.36085,385483
angular/platform-browser-dynamic-builds,1,mhevery,Google,3438,0.89187,385483
angular/platform-browser-dynamic-builds,2,matsko,Google,1371,0.35566,385483
angular/platform-browser-dynamic-builds,3,IgorMinar,Google,1268,0.32894,385483
angular/platform-server-builds,1,mhevery,Google,3462,0.89809,385483
angular/platform-server-builds,2,matsko,Google,1367,0.35462,385483
angular/platform-server-builds,3,IgorMinar,Google,1273,0.33024,385483
angular-translate/angular-translate,1,knalli,Independent,459,0.11907,385483
angular-translate/angular-translate,2,luaks,(Unknown),4,0.00104,385483
angular-translate/angular-translate,3,gonzalo-roberto-diaz,(Unknown),3,0.00078,385483
angular-ui/ui-router,1,christopherthielen,Netflix,1395,0.36188,385483
angular-ui/ui-router,2,nateabele,Radify,177,0.04592,385483
angular-ui/ui-router,3,wesleycho,Mindflash,73,0.01894,385483
angular/zone.js,1,mhevery,Google,501,0.12997,385483
angular/zone.js,2,JiaLiPassion,Ritatu,184,0.04773,385483
angular/zone.js,3,vicb,Google,77,0.01997,385483
apache/commons-codec,1,sebbASF,Apache,146,0.03787,385483
apache/commons-codec,2,garydgregory,Apache,143,0.03710,385483
apache/commons-codec,3,chtompki,Apache,22,0.00571,385483
apache/commons-collections,1,garydgregory,Apache,184,0.04773,385483
apache/commons-collections,2,netomi,Guardsquare,96,0.02490,385483
apache/commons-collections,3,netomi,Airtopsoft SA,94,0.02438,385483
apache/commons-io,1,krosenvold,Apache,80,0.02075,385483
apache/commons-io,2,PascalSchumacher,Apache,69,0.01790,385483
apache/commons-io,3,garydgregory,Apache,58,0.01505,385483
apache/commons-lang,1,britter,codecentric AG,365,0.09469,385483
apache/commons-lang,2,PascalSchumacher,Apache,248,0.06433,385483
apache/commons-lang,3,chtompki,Apache,72,0.01868,385483
apache/commons-logging,1,garydgregory,Apache,10,0.00259,385483
apache/commons-logging,2,PascalSchumacher,Apache,3,0.00078,385483
apache/commons-logging,3,britter,codecentric AG,2,0.00052,385483
apache/httpcomponents-client,1,ok2c,OK2,412,0.10688,385483
apache/httpcomponents-client,2,garydgregory,Apache,20,0.00519,385483
apache/httpcomponents-client,3,michael-o,Apache,15,0.00389,385483
apache/log4j,1,garydgregory,Apache,1,0.00026,385483
ashtuchkin/iconv-lite,1,ashtuchkin,Dropbox,87,0.02257,385483
ashtuchkin/iconv-lite,2,ashtuchkin,Blended Labs,12,0.00311,385483
ashtuchkin/iconv-lite,3,larssn,(Unknown),4,0.00104,385483
auth0/angular2-jwt,1,chenkie,Auth0,250,0.06485,385483
auth0/angular2-jwt,2,chenkie,Angularcasts,85,0.02205,385483
auth0/angular2-jwt,3,stevehobbsdev,(Unknown),31,0.00804,385483
auth0/node-jsonwebtoken,1,jfromaniello,Auth0,217,0.05629,385483
auth0/node-jsonwebtoken,2,ziluvatar,SUSE,103,0.02672,385483
auth0/node-jsonwebtoken,3,MitMaro,(Unknown),19,0.00493,385483
axios/axios,1,nickuraltsev,(Unknown),74,0.01920,385483
axios/axios,2,emilyemorehouse,(Unknown),73,0.01894,385483
axios/axios,3,Khaledgarbaya,(Unknown),63,0.01634,385483
beanvalidation/beanvalidation-api,1,gunnarmorling,Red Hat,111,0.02880,385483
beanvalidation/beanvalidation-api,2,gsmet,(Unknown),103,0.02672,385483
beanvalidation/beanvalidation-api,3,Hibernate-CI,(Unknown),14,0.00363,385483
beatgammit/base64-js,1,feross,Standard JS,73,0.01894,385483
beatgammit/base64-js,2,feross,BitMidi,28,0.00726,385483
beatgammit/base64-js,3,beatgammit,(Unknown),8,0.00208,385483
BendingBender/object-assign-shim,1,BendingBender,(Unknown),1,0.00026,385483
bestiejs/punycode.js,1,mathiasbynens,(Unknown),30,0.00778,385483
bestiejs/punycode.js,2,garycourt,(Unknown),2,0.00052,385483
bestiejs/punycode.js,3,abetomo,(Unknown),1,0.00026,385483
brix/crypto-js,1,evanvosberg,(Unknown),65,0.01686,385483
brix/crypto-js,2,pkaminski,(Unknown),4,0.00104,385483
brix/crypto-js,3,szepeviktor,(Unknown),4,0.00104,385483
broofa/node-mime,1,broofa,Tend.ai,162,0.04203,385483
broofa/node-mime,2,broofa,Independent,20,0.00519,385483
broofa/node-mime,3,billymoon,(Unknown),1,0.00026,385483
broofa/node-uuid,1,broofa,Tend.ai,16,0.00415,385483
broofa/node-uuid,2,coolaj86,(Unknown),13,0.00337,385483
broofa/node-uuid,3,broofa,Independent,10,0.00259,385483
browserify/browserify,1,goto-bus-stop,(Unknown),112,0.02905,385483
browserify/browserify,2,zertosh,Facebook,15,0.00389,385483
browserify/browserify,3,bcomnes,(Unknown),8,0.00208,385483
browserify/resolve,1,ljharb,Airbnb,116,0.03009,385483
browserify/resolve,2,ljharb,Ecma,30,0.00778,385483
browserify/resolve,3,arcanis,(Unknown),3,0.00078,385483
calvinmetcalf/process-nextick-args,1,calvinmetcalf,AppGeo,27,0.00700,385483
calvinmetcalf/process-nextick-args,2,mcollina,Independent,2,0.00052,385483
calvinmetcalf/process-nextick-args,3,arthurschreiber,Microsoft,1,0.00026,385483
caolan/async,1,aearly,Independent,406,0.10532,385483
caolan/async,2,aearly,npm,344,0.08924,385483
caolan/async,3,megawac,Clearpath,307,0.07964,385483
chalk/ansi-regex,1,sindresorhus,Independent,24,0.00623,385483
chalk/ansi-regex,2,Qix-,ZEIT,7,0.00182,385483
chalk/ansi-regex,3,Qix-,Uber,3,0.00078,385483
chalk/ansi-styles,1,sindresorhus,Independent,41,0.01064,385483
chalk/ansi-styles,2,Qix-,dotdotdash,15,0.00389,385483
chalk/ansi-styles,3,Qix-,On Demand Solutions,13,0.00337,385483
chalk/chalk,1,sindresorhus,Independent,143,0.03710,385483
chalk/chalk,2,Qix-,ZEIT,56,0.01453,385483
chalk/chalk,3,Qix-,Uber,21,0.00545,385483
chalk/strip-ansi,1,sindresorhus,Independent,16,0.00415,385483
chalk/strip-ansi,2,jbnicolai,(Unknown),2,0.00052,385483
chalk/strip-ansi,3,LitoMore,(Unknown),2,0.00052,385483
chalk/supports-color,1,sindresorhus,Independent,82,0.02127,385483
chalk/supports-color,2,Qix-,Uber,18,0.00467,385483
chalk/supports-color,3,Qix-,ZEIT,7,0.00182,385483
DataTables/DataTables,1,DataTables,SpryMedia,461,0.11959,385483
DataTables/DataTables,2,8398a7,(Unknown),1,0.00026,385483
DataTables/DataTables,3,davlloyd,(Unknown),1,0.00026,385483
davepacheco/node-extsprintf,1,davepacheco,(Unknown),2,0.00052,385483
davepacheco/node-verror,1,davepacheco,(Unknown),11,0.00285,385483
davepacheco/node-verror,2,samertm,(Unknown),1,0.00026,385483
devongovett/browserify-istanbul,1,devongovett,(Unknown),23,0.00597,385483
devongovett/browserify-istanbul,2,alexindigo,(Unknown),13,0.00337,385483
devongovett/browserify-istanbul,3,bendrucker,Valet.io,2,0.00052,385483
dotnet/corefx,1,stephentoub,Microsoft,15581,4.04194,385483
dotnet/corefx,2,weshaggard,Microsoft,1786,0.46331,385483
dotnet/corefx,3,safern,Microsoft,1653,0.42881,385483
dougwilson/nodejs-depd,1,dougwilson,Salesforce,148,0.03839,385483
eclipse-ee4j/jaxrs-api,1,mkarg,(Unknown),126,0.03269,385483
eclipse-ee4j/jaxrs-api,2,chkal,Ingenit KG,39,0.01012,385483
eclipse-ee4j/jaxrs-api,3,spericas,Oracle,18,0.00467,385483
eclipse-ee4j/servlet-api,1,arjantijms,(Unknown),28,0.00726,385483
eclipse-ee4j/servlet-api,2,markt-asf,Apache,25,0.00649,385483
eclipse-ee4j/servlet-api,3,stuartwdouglas,Red Hat,21,0.00545,385483
epoberezkin/ajv,1,epoberezkin,MailOnline,1490,0.38653,385483
epoberezkin/ajv,2,epoberezkin,Threads Styling,235,0.06096,385483
epoberezkin/ajv,3,blakeembrey,(Unknown),12,0.00311,385483
expressjs/body-parser,1,dougwilson,Salesforce,366,0.09495,385483
expressjs/body-parser,2,dougwilson,Independent,11,0.00285,385483
expressjs/body-parser,3,govindrai,(Unknown),3,0.00078,385483
expressjs/compression,1,dougwilson,Salesforce,253,0.06563,385483
expressjs/compression,2,LucianBuzzo,(Unknown),2,0.00052,385483
expressjs/compression,3,beeman,(Unknown),1,0.00026,385483
expressjs/cookie-parser,1,dougwilson,Salesforce,139,0.03606,385483
expressjs/cookie-parser,2,kevinsimper,Connected Cars,2,0.00052,385483
expressjs/cookie-parser,3,LinusU,(Unknown),1,0.00026,385483
expressjs/cors,1,dougwilson,Salesforce,112,0.02905,385483
expressjs/cors,2,troygoode,(Unknown),32,0.00830,385483
expressjs/cors,3,etiktin,(Unknown),3,0.00078,385483
expressjs/express,1,dougwilson,Salesforce,542,0.14060,385483
expressjs/express,2,crandmck,(Unknown),14,0.00363,385483
expressjs/express,3,notrab,Apple,9,0.00233,385483
expressjs/morgan,1,dougwilson,Salesforce,207,0.05370,385483
expressjs/morgan,2,beeman,(Unknown),2,0.00052,385483
expressjs/morgan,3,CatTail,adRise,2,0.00052,385483
expressjs/serve-favicon,1,dougwilson,Salesforce,145,0.03762,385483
expressjs/serve-favicon,2,crispen-smith,(Unknown),1,0.00026,385483
expressjs/serve-favicon,3,dougwilson,Independent,1,0.00026,385483
expressjs/session,1,dougwilson,Salesforce,419,0.10869,385483
expressjs/session,2,dougwilson,Independent,13,0.00337,385483
expressjs/session,3,gzurbach,(Unknown),3,0.00078,385483
facebook/prop-types,1,ljharb,Airbnb,35,0.00908,385483
facebook/prop-types,2,gaearon,Independent,26,0.00674,385483
facebook/prop-types,3,aweary,Facebook,14,0.00363,385483
facebook/react,1,gaearon,Independent,2634,0.68330,385483
facebook/react,2,zpao,Facebook,2395,0.62130,385483
facebook/react,3,spicyj,Facebook,1092,0.28328,385483
FasterXML/jackson-annotations,1,cowtowncoder,FasterXML,312,0.08094,385483
FasterXML/jackson-annotations,2,cowtowncoder,Indeed,113,0.02931,385483
FasterXML/jackson-annotations,3,johnjohndoe,(Unknown),2,0.00052,385483
FasterXML/jackson-core,1,cowtowncoder,FasterXML,917,0.23788,385483
FasterXML/jackson-core,2,cowtowncoder,Indeed,410,0.10636,385483
FasterXML/jackson-core,3,mikaelstaldal,(Unknown),7,0.00182,385483
FasterXML/jackson-databind,1,cowtowncoder,FasterXML,2832,0.73466,385483
FasterXML/jackson-databind,2,cowtowncoder,Indeed,1086,0.28172,385483
FasterXML/jackson-databind,3,brenuart,(Unknown),12,0.00311,385483
felixge/node-combined-stream,1,alexindigo,(Unknown),18,0.00467,385483
felixge/node-combined-stream,2,apechimp,(Unknown),13,0.00337,385483
felixge/node-combined-stream,3,jmendeth,(Unknown),3,0.00078,385483
feross/is-buffer,1,feross,BitMidi,42,0.01090,385483
feross/is-buffer,2,feross,Standard JS,41,0.01064,385483
feross/is-buffer,3,LinusU,(Unknown),2,0.00052,385483
feross/safe-buffer,1,feross,Standard JS,58,0.01505,385483
feross/safe-buffer,2,feross,BitMidi,20,0.00519,385483
feross/safe-buffer,3,calvinmetcalf,AppGeo,4,0.00104,385483
form-data/form-data,1,alexindigo,(Unknown),118,0.03061,385483
form-data/form-data,2,mapleeit,(Unknown),24,0.00623,385483
form-data/form-data,3,JBtje,(Unknown),7,0.00182,385483
FortAwesome/Font-Awesome,1,davegandy,Fort Awesome,422,0.10947,385483
FortAwesome/Font-Awesome,2,tagliala,Independent,224,0.05811,385483
FortAwesome/Font-Awesome,3,talbs,Fort Awesome,169,0.04384,385483
google/gson,1,inder123,(Unknown),359,0.09313,385483
google/gson,2,swankjesse,Square,142,0.03684,385483
google/gson,3,JakeWharton,Square,79,0.02049,385483
google/guava,1,cpovirk,Google,1969,0.51079,385483
google/guava,2,cgdecker,Google,1446,0.37511,385483
google/guava,3,ronshapiro,Google,268,0.06952,385483
google/guice,1,sameb,Google,350,0.09080,385483
google/guice,2,ronshapiro,Google,106,0.02750,385483
google/guice,3,dimo414,Google,17,0.00441,385483
gotwarlost/istanbul,1,gotwarlost,(Unknown),202,0.05240,385483
gotwarlost/istanbul,2,davglass,(Unknown),54,0.01401,385483
gotwarlost/istanbul,3,tonylukasavage,(Unknown),4,0.00104,385483
Gozala/querystring,1,Gozala,(Unknown),5,0.00130,385483
Gozala/querystring,2,medikoo,(Unknown),2,0.00052,385483
Gozala/querystring,3,codeclown,(Unknown),1,0.00026,385483
gulpjs/vinyl,1,phated,Lead Gumshoe,368,0.09546,385483
gulpjs/vinyl,2,contra,(Unknown),119,0.03087,385483
gulpjs/vinyl,3,phated,Iced,14,0.00363,385483
hapijs/boom,1,hueniverse,Yahoo,113,0.02931,385483
hapijs/boom,2,arb,(Unknown),79,0.02049,385483
hapijs/boom,3,jarrodyellets,(Unknown),7,0.00182,385483
hapijs/cryptiles,1,hueniverse,Yahoo,54,0.01401,385483
hapijs/cryptiles,2,jarrodyellets,(Unknown),6,0.00156,385483
hapijs/cryptiles,3,Marsup,(Unknown),4,0.00104,385483
hapijs/hoek,1,hueniverse,Yahoo,202,0.05240,385483
hapijs/hoek,2,nlf,(Unknown),125,0.03243,385483
hapijs/hoek,3,kanongil,(Unknown),30,0.00778,385483
hueniverse/hawk,1,hueniverse,Yahoo,106,0.02750,385483
hueniverse/hawk,2,Dreyer,(Unknown),4,0.00104,385483
hueniverse/hawk,3,remy,(Unknown),3,0.00078,385483
hueniverse/sntp,1,hueniverse,Yahoo,28,0.00726,385483
hueniverse/sntp,2,ChALkeR,(Unknown),1,0.00026,385483
hueniverse/sntp,3,hekike,(Unknown),1,0.00026,385483
hughsk/vinyl-buffer,1,phated,Lead Gumshoe,4,0.00104,385483
hughsk/vinyl-buffer,2,Enet4,(Unknown),1,0.00026,385483
hughsk/vinyl-source-stream,1,hughsk,(Unknown),8,0.00208,385483
hughsk/vinyl-source-stream,2,phated,Lead Gumshoe,8,0.00208,385483
hughsk/vinyl-source-stream,3,pascalduez,(Unknown),2,0.00052,385483
isaacs/abbrev-js,1,isaacs,npm,24,0.00623,385483
isaacs/abbrev-js,2,jorrit,(Unknown),1,0.00026,385483
isaacs/inherits,1,isaacs,npm,13,0.00337,385483
isaacs/minimatch,1,isaacs,npm,45,0.01167,385483
isaacs/minimatch,2,MiguelCastillo,(Unknown),1,0.00026,385483
isaacs/minimatch,3,PeterDaveHello,Independent,1,0.00026,385483
isaacs/node-glob,1,isaacs,npm,156,0.04047,385483
isaacs/node-glob,2,schnittstabil,(Unknown),4,0.00104,385483
isaacs/node-glob,3,tanyabrassie,(Unknown),3,0.00078,385483
isaacs/node-graceful-fs,1,isaacs,npm,123,0.03191,385483
isaacs/node-graceful-fs,2,dylang,(Unknown),5,0.00130,385483
isaacs/node-graceful-fs,3,coreyfarrell,(Unknown),4,0.00104,385483
isaacs/node-lru-cache,1,isaacs,npm,112,0.02905,385483
isaacs/node-lru-cache,2,ChrisCinelli,(Unknown),5,0.00130,385483
isaacs/node-lru-cache,3,indutny,(Unknown),3,0.00078,385483
isaacs/node-which,1,isaacs,npm,15,0.00389,385483
isaacs/node-which,2,drcapulet,(Unknown),1,0.00026,385483
isaacs/node-which,3,zkat,(Unknown),1,0.00026,385483
isaacs/once,1,isaacs,npm,9,0.00233,385483
isaacs/once,2,floatdrop,(Unknown),1,0.00026,385483
isaacs/once,3,morenoh149,(Unknown),1,0.00026,385483
isaacs/rimraf,1,isaacs,npm,78,0.02023,385483
isaacs/rimraf,2,PeterDaveHello,Independent,3,0.00078,385483
isaacs/rimraf,3,amilajack,(Unknown),2,0.00052,385483
isaacs/sax-js,1,isaacs,npm,57,0.01479,385483
isaacs/sax-js,2,subzey,(Unknown),4,0.00104,385483
isaacs/sax-js,3,pletcher,(Unknown),3,0.00078,385483
JamesNK/Newtonsoft.Json,1,JamesNK,Microsoft,1081,0.28043,385483
JamesNK/Newtonsoft.Json,2,JonHanna,(Unknown),54,0.01401,385483
JamesNK/Newtonsoft.Json,3,TylerBrinkley,(Unknown),6,0.00156,385483
janvanhelvoort/browserify-conditionalify,1,janvanhelvoort,(Unknown),13,0.00337,385483
jaredhanson/passport,1,jaredhanson,Auth0,116,0.03009,385483
jaredhanson/passport,2,keithharvey,(Unknown),3,0.00078,385483
jaredhanson/passport,3,mjhea0,(Unknown),3,0.00078,385483
jashkenas/underscore,1,jashkenas,Observable,246,0.06382,385483
jashkenas/underscore,2,megawac,Independent,197,0.05110,385483
jashkenas/underscore,3,captbaritone,Facebook,162,0.04203,385483
JedWatson/classnames,1,JedWatson,Thinkmill,170,0.04410,385483
JedWatson/classnames,2,dcousens,(Unknown),79,0.02049,385483
JedWatson/classnames,3,bartriordan,(Unknown),7,0.00182,385483
JohnPostlethwait/stringify,1,JohnPostlethwait,(Unknown),41,0.01064,385483
JohnPostlethwait/stringify,2,matthewdunsdon,(Unknown),8,0.00208,385483
JohnPostlethwait/stringify,3,Samsy,(Unknown),2,0.00052,385483
jonschlinkert/arr-diff,1,jonschlinkert,Sellside,24,0.00623,385483
jonschlinkert/arr-diff,2,doowb,(Unknown),2,0.00052,385483
jonschlinkert/arr-diff,3,EdwardBetts,Cantab Capital Partners,1,0.00026,385483
jonschlinkert/define-property,1,jonschlinkert,Sellside,31,0.00804,385483
jonschlinkert/define-property,2,doowb,(Unknown),7,0.00182,385483
jonschlinkert/define-property,3,tibbon,(Unknown),1,0.00026,385483
jonschlinkert/fill-range,1,jonschlinkert,Sellside,123,0.03191,385483
jonschlinkert/fill-range,2,paulmillr,(Unknown),4,0.00104,385483
jonschlinkert/fill-range,3,bluelovers,(Unknown),2,0.00052,385483
jonschlinkert/is-extendable,1,jonschlinkert,Sellside,8,0.00208,385483
jonschlinkert/is-extendable,2,doowb,(Unknown),7,0.00182,385483
jonschlinkert/is-extendable,3,onokumus,(Unknown),3,0.00078,385483
jonschlinkert/is-extglob,1,jonschlinkert,Sellside,14,0.00363,385483
jonschlinkert/is-glob,1,jonschlinkert,Sellside,39,0.01012,385483
jonschlinkert/is-glob,2,dperezde,(Unknown),1,0.00026,385483
jonschlinkert/is-number,1,jonschlinkert,Sellside,59,0.01531,385483
jonschlinkert/is-number,2,benaadams,Illyriad Games,1,0.00026,385483
jonschlinkert/is-number,3,realityking,(Unknown),1,0.00026,385483
jonschlinkert/isobject,1,jonschlinkert,Sellside,30,0.00778,385483
jonschlinkert/isobject,2,doowb,(Unknown),12,0.00311,385483
jonschlinkert/isobject,3,TrySound,(Unknown),10,0.00259,385483
jonschlinkert/kind-of,1,jonschlinkert,Sellside,112,0.02905,385483
jonschlinkert/kind-of,2,miguelmota,(Unknown),2,0.00052,385483
jonschlinkert/kind-of,3,dtothefp,(Unknown),1,0.00026,385483
joyent/node-http-signature,1,arekinath,Independent,29,0.00752,385483
joyent/node-http-signature,2,pfmooney,(Unknown),3,0.00078,385483
joyent/node-http-signature,3,alokmenghrajani,Square,1,0.00026,385483
joyent/node-jsprim,1,joyent-automation,(Unknown),3,0.00078,385483
joyent/node-jsprim,2,davepacheco,(Unknown),1,0.00026,385483
joyent/node-jsprim,3,jordanhendricks,(Unknown),1,0.00026,385483
joyent/node-sshpk,1,arekinath,Independent,77,0.01997,385483
joyent/node-sshpk,2,joyent-automation,(Unknown),36,0.00934,385483
joyent/node-sshpk,3,cburroughs,(Unknown),5,0.00130,385483
jquery/esprima,1,ariya,Shape,544,0.14112,385483
jquery/esprima,2,ariya,Independent,29,0.00752,385483
jquery/esprima,3,mikesherov,(Unknown),14,0.00363,385483
jquery/jquery,1,timmywil,OpenTable,311,0.08068,385483
jquery/jquery,2,mzgol,Independent,175,0.04540,385483
jquery/jquery,3,markelog,Independent,159,0.04125,385483
jquery/jquery-ui,1,scottgonzalez,jQuery UI,452,0.11726,385483
jquery/jquery-ui,2,fnagel,(Unknown),275,0.07134,385483
jquery/jquery-ui,3,arschmitz,(Unknown),254,0.06589,385483
jquery-validation/jquery-validation,1,Arkni,(Unknown),55,0.01427,385483
jquery-validation/jquery-validation,2,staabm,(Unknown),47,0.01219,385483
jquery-validation/jquery-validation,3,RobJohnston,(Unknown),5,0.00130,385483
jshttp/accepts,1,dougwilson,Salesforce,166,0.04306,385483
jshttp/accepts,2,nooks,(Unknown),1,0.00026,385483
jshttp/http-errors,1,dougwilson,Salesforce,187,0.04851,385483
jshttp/http-errors,2,pluma,(Unknown),2,0.00052,385483
jshttp/http-errors,3,tkrotoff,(Unknown),2,0.00052,385483
jshttp/mime-db,1,dougwilson,Salesforce,547,0.14190,385483
jshttp/mime-db,2,alrra,(Unknown),6,0.00156,385483
jshttp/mime-db,3,rmzelle,(Unknown),5,0.00130,385483
jshttp/mime-types,1,dougwilson,Salesforce,242,0.06278,385483
jshttp/mime-types,2,dougwilson,Independent,4,0.00104,385483
jshttp/mime-types,3,thiagodelgado111,(Unknown),2,0.00052,385483
jshttp/statuses,1,dougwilson,Salesforce,169,0.04384,385483
jshttp/statuses,2,dougwilson,Independent,1,0.00026,385483
jshttp/statuses,3,DylanPiercey,(Unknown),1,0.00026,385483
juliangruber/balanced-match,1,juliangruber,NowSecure,39,0.01012,385483
juliangruber/balanced-match,2,neytema,(Unknown),7,0.00182,385483
juliangruber/balanced-match,3,stevemao,(Unknown),5,0.00130,385483
juliangruber/brace-expansion,1,juliangruber,NowSecure,41,0.01064,385483
juliangruber/brace-expansion,2,juliangruber,Code for Science and Society,21,0.00545,385483
juliangruber/brace-expansion,3,juliangruber,Kerngedanke,3,0.00078,385483
juliangruber/isarray,1,juliangruber,Code for Science and Society,23,0.00597,385483
juliangruber/isarray,2,juliangruber,NowSecure,4,0.00104,385483
juliangruber/isarray,3,juliangruber,Kerngedanke,3,0.00078,385483
kelektiv/node-uuid,1,broofa,Tend.ai,123,0.03191,385483
kelektiv/node-uuid,2,ctavan,(Unknown),14,0.00363,385483
kelektiv/node-uuid,3,defunctzombie,(Unknown),14,0.00363,385483
kennethreitz/requests,1,Lukasa,Hewlett,623,0.16162,385483
kennethreitz/requests,2,kennethreitz,Heroku,571,0.14813,385483
kennethreitz/requests,3,sigmavirus24,Rackspace,193,0.05007,385483
ljharb/qs,1,ljharb,Airbnb,259,0.06719,385483
ljharb/qs,2,ljharb,Ecma,15,0.00389,385483
ljharb/qs,3,papandreou,(Unknown),13,0.00337,385483
lodash/lodash,1,jdalton,Microsoft,8147,2.11345,385483
lodash/lodash,2,jdalton,Salesforce,105,0.02724,385483
lodash/lodash,3,falsyvalues,(Unknown),90,0.02335,385483
madler/zlib,1,madler,(Unknown),152,0.03943,385483
mafintosh/end-of-stream,1,mafintosh,(Unknown),21,0.00545,385483
mafintosh/end-of-stream,2,watson,Opbeat,2,0.00052,385483
mafintosh/end-of-stream,3,floatdrop,(Unknown),1,0.00026,385483
maxogden/concat-stream,1,mafintosh,(Unknown),18,0.00467,385483
maxogden/concat-stream,2,maxogden,(Unknown),16,0.00415,385483
maxogden/concat-stream,3,AndersDJohnson,(Unknown),1,0.00026,385483
mcavage/node-assert-plus,1,pfmooney,(Unknown),14,0.00363,385483
mcavage/node-assert-plus,2,bahamas10,(Unknown),2,0.00052,385483
mcavage/node-assert-plus,3,trentm,(Unknown),1,0.00026,385483
mde/ejs,1,mde,Zenefits,289,0.07497,385483
mde/ejs,2,TimothyGu,Independent,266,0.06900,385483
mde/ejs,3,RyanZim,(Unknown),64,0.01660,385483
micromatch/braces,1,jonschlinkert,Sellside,62,0.01608,385483
micromatch/braces,2,paulmillr,(Unknown),6,0.00156,385483
micromatch/braces,3,doowb,(Unknown),1,0.00026,385483
micromatch/micromatch,1,jonschlinkert,Sellside,143,0.03710,385483
micromatch/micromatch,2,doowb,(Unknown),6,0.00156,385483
micromatch/micromatch,3,mrmlnc,Yandex,4,0.00104,385483
mikeal/tunnel-agent,1,mikeal,CNCF,2,0.00052,385483
mikeal/tunnel-agent,2,garthk,(Unknown),1,0.00026,385483
Modernizr/Modernizr,1,patrickkettner,Microsoft,719,0.18652,385483
Modernizr/Modernizr,2,rejas,Neofonie,475,0.12322,385483
Modernizr/Modernizr,3,patrickkettner,Walmart,202,0.05240,385483
moment/moment,1,ichernev,(Unknown),1294,0.33568,385483
moment/moment,2,marwahaha,Pandora,120,0.03113,385483
moment/moment,3,butterflyhug,(Unknown),99,0.02568,385483
moment/moment-timezone,1,timrwood,(Unknown),143,0.03710,385483
moment/moment-timezone,2,mj1856,Microsoft,100,0.02594,385483
moment/moment-timezone,3,ellenaua,Waverley,94,0.02438,385483
motdotla/dotenv,1,motdotla,(Unknown),71,0.01842,385483
motdotla/dotenv,2,maxbeatty,CTO,67,0.01738,385483
motdotla/dotenv,3,maxbeatty,Rubicon,38,0.00986,385483
moxystudio/node-cross-spawn,1,satazor,(Unknown),62,0.01608,385483
moxystudio/node-cross-spawn,2,edevil,Bright Pixel,56,0.01453,385483
moxystudio/node-cross-spawn,3,ChALkeR,(Unknown),1,0.00026,385483
mozilla/source-map,1,fitzgen,(Unknown),220,0.05707,385483
mozilla/source-map,2,tromey,(Unknown),56,0.01453,385483
mozilla/source-map,3,loganfsmyth,(Unknown),17,0.00441,385483
mysql-net/MySqlConnector,1,bgrainger,Faithlife,1828,0.47421,385483
mysql-net/MySqlConnector,2,caleblloyd,Issuer Direct,99,0.02568,385483
mysql-net/MySqlConnector,3,caleblloyd,BoxBoat,32,0.00830,385483
nanjingboy/uglify,1,nanjingboy,(Unknown),5,0.00130,385483
nanjingboy/uglify,2,dcousens,(Unknown),1,0.00026,385483
necolas/normalize.css,1,jonathantneal,10up,173,0.04488,385483
necolas/normalize.css,2,jonathantneal,Independent,31,0.00804,385483
necolas/normalize.css,3,necolas,Twitter,19,0.00493,385483
ng-bootstrap/ng-bootstrap,1,pkozlowski-opensource,Independent,836,0.21687,385483
ng-bootstrap/ng-bootstrap,2,maxokorokov,Amadeus,446,0.11570,385483
ng-bootstrap/ng-bootstrap,3,benouat,Amadeus,97,0.02516,385483
nodejs/readable-stream,1,calvinmetcalf,AppGeo,340,0.08820,385483
nodejs/readable-stream,2,mcollina,NearForm,107,0.02776,385483
nodejs/readable-stream,3,mcollina,Independent,74,0.01920,385483
nodejs/string_decoder,1,mcollina,NearForm,26,0.00674,385483
nodejs/string_decoder,2,mcollina,Independent,3,0.00078,385483
nodejs/string_decoder,3,calvinmetcalf,AppGeo,1,0.00026,385483
npm/node-semver,1,isaacs,npm,163,0.04228,385483
npm/node-semver,2,max-b,(Unknown),11,0.00285,385483
npm/node-semver,3,pjohnmeyer,(Unknown),10,0.00259,385483
npm/nopt,1,othiym23,(Unknown),23,0.00597,385483
npm/nopt,2,elidoran,(Unknown),7,0.00182,385483
npm/nopt,3,isaacs,npm,4,0.00104,385483
nunit/nunit,1,rprouse,Bentley,2141,0.55541,385483
nunit/nunit,2,CharliePoole,Independent,1705,0.44230,385483
nunit/nunit,3,jnm2,Independent,1184,0.30715,385483
omsmith/browserify-ngannotate,1,omsmith,(Unknown),30,0.00778,385483
omsmith/browserify-ngannotate,2,JonRimmer,(Unknown),1,0.00026,385483
openssl/openssl,1,levitte,Independent,14323,3.71560,385483
openssl/openssl,2,mattcaswell,Caswell IT Consulting,3517,0.91236,385483
openssl/openssl,3,LutzJaenicke,(Unknown),1861,0.48277,385483
OverZealous/run-sequence,1,OverZealous,(Unknown),58,0.01505,385483
OverZealous/run-sequence,2,AdamWills,(Unknown),1,0.00026,385483
OverZealous/run-sequence,3,amilajack,(Unknown),1,0.00026,385483
petkaantonov/bluebird,1,petkaantonov,Reaktor,1088,0.28224,385483
petkaantonov/bluebird,2,benjamingr,Testim,264,0.06849,385483
petkaantonov/bluebird,3,spion,(Unknown),55,0.01427,385483
pieroxy/lz-string,1,pieroxy,(Unknown),64,0.01660,385483
pieroxy/lz-string,2,JobLeonard,(Unknown),4,0.00104,385483
pieroxy/lz-string,3,carlansley,(Unknown),2,0.00052,385483
pillarjs/finalhandler,1,dougwilson,Salesforce,286,0.07419,385483
pillarjs/finalhandler,2,dougwilson,Independent,4,0.00104,385483
pillarjs/finalhandler,3,mcollina,Independent,2,0.00052,385483
pillarjs/send,1,dougwilson,Salesforce,280,0.07264,385483
pillarjs/send,2,dougwilson,Independent,5,0.00130,385483
pillarjs/send,3,dotLou,(Unknown),2,0.00052,385483
pvorb/node-clone,1,pvorb,(Unknown),65,0.01686,385483
pvorb/node-clone,2,aurium,(Unknown),7,0.00182,385483
pvorb/node-clone,3,fscherwi,(Unknown),4,0.00104,385483
qos-ch/logback,1,ceki,QOS.CH Sarl,565,0.14657,385483
qos-ch/logback,2,tony19,(Unknown),49,0.01271,385483
qos-ch/logback,3,hazendaz,(Unknown),44,0.01141,385483
qos-ch/slf4j,1,ceki,QOS.CH Sarl,373,0.09676,385483
qos-ch/slf4j,2,mattbishop,(Unknown),61,0.01582,385483
qos-ch/slf4j,3,hazendaz,(Unknown),15,0.00389,385483
que-etc/resize-observer-polyfill,1,que-etc,Magento,92,0.02387,385483
que-etc/resize-observer-polyfill,2,que-etc,Independent,20,0.00519,385483
que-etc/resize-observer-polyfill,3,que-etc,Zattoo,4,0.00104,385483
Raynos/xtend,1,Raynos,(Unknown),17,0.00441,385483
Raynos/xtend,2,medikoo,(Unknown),2,0.00052,385483
Raynos/xtend,3,DDRBoxman,(Unknown),1,0.00026,385483
ReactTraining/react-router,1,mjackson,React Training,724,0.18782,385483
ReactTraining/react-router,2,timdorr,SalesLoft,323,0.08379,385483
ReactTraining/react-router,3,timdorr,Showcase IDX,290,0.07523,385483
reduxjs/react-redux,1,markerikson,Northrop Grumman,193,0.05007,385483
reduxjs/react-redux,2,timdorr,SalesLoft,155,0.04021,385483
reduxjs/react-redux,3,MrWolfZ,(Unknown),15,0.00389,385483
reduxjs/redux,1,timdorr,SalesLoft,160,0.04151,385483
reduxjs/redux,2,markerikson,Northrop Grumman,141,0.03658,385483
reduxjs/redux,3,cellog,(Unknown),42,0.01090,385483
reduxjs/redux-thunk,1,timdorr,SalesLoft,39,0.01012,385483
reduxjs/redux-thunk,2,markerikson,Northrop Grumman,5,0.00130,385483
reduxjs/redux-thunk,3,jedmao,(Unknown),4,0.00104,385483
request/request,1,simov,(Unknown),626,0.16239,385483
request/request,2,mikeal,CNCF,267,0.06926,385483
request/request,3,nylen,(Unknown),110,0.02854,385483
request/request-promise,1,analog-nico,Morningfame,146,0.03787,385483
request/request-promise,2,luanmuniz,(Unknown),2,0.00052,385483
request/request-promise,3,brandon93s,(Unknown),1,0.00026,385483
robrich/orchestrator,1,robrich,(Unknown),3,0.00078,385483
robrich/pretty-hrtime,1,robrich,(Unknown),16,0.00415,385483
robrich/pretty-hrtime,2,amilajack,(Unknown),1,0.00026,385483
robrich/pretty-hrtime,3,bfricka,(Unknown),1,0.00026,385483
rvagg/through2,1,rvagg,(Unknown),24,0.00623,385483
rvagg/through2,2,brycebaril,(Unknown),3,0.00078,385483
rvagg/through2,3,mafintosh,(Unknown),3,0.00078,385483
rzwitserloot/lombok,1,rzwitserloot,Zorg op Orde,541,0.14034,385483
rzwitserloot/lombok,2,rspilker,TOPdesk,375,0.09728,385483
rzwitserloot/lombok,3,rzwitserloot,Independent,153,0.03969,385483
salesforce/tough-cookie,1,stash,(Unknown),96,0.02490,385483
salesforce/tough-cookie,2,stash-sfdc,SalesForce,22,0.00571,385483
salesforce/tough-cookie,3,ShivanKaul,SalesForce,16,0.00415,385483
sass/node-sass,1,xzyfer,99designs,723,0.18756,385483
sass/node-sass,2,xzyfer,Redbubble,366,0.09495,385483
sass/node-sass,3,am11,Independent,224,0.05811,385483
scala/scala,1,lrytz,Lightbend,3166,0.82131,385483
scala/scala,2,adriaanm,Lightbend,2306,0.59821,385483
scala/scala,3,retronym,Lightbend,2070,0.53699,385483
sindresorhus/camelcase,1,sindresorhus,Independent,54,0.01401,385483
sindresorhus/camelcase,2,SamVerschueren,(Unknown),8,0.00208,385483
sindresorhus/camelcase,3,kevva,(Unknown),6,0.00156,385483
sindresorhus/del,1,sindresorhus,Independent,83,0.02153,385483
sindresorhus/del,2,chrisblossom,(Unknown),9,0.00233,385483
sindresorhus/del,3,kevva,(Unknown),4,0.00104,385483
sindresorhus/find-up,1,sindresorhus,Independent,54,0.01401,385483
sindresorhus/find-up,2,sholladay,(Unknown),4,0.00104,385483
sindresorhus/find-up,3,coreyfarrell,(Unknown),3,0.00078,385483
sindresorhus/has-flag,1,sindresorhus,Independent,19,0.00493,385483
sindresorhus/has-flag,2,BendingBender,(Unknown),2,0.00052,385483
sindresorhus/has-flag,3,novemberborn,(Unknown),2,0.00052,385483
sindresorhus/is-fullwidth-code-point,1,sindresorhus,Independent,17,0.00441,385483
sindresorhus/is-fullwidth-code-point,2,forresst,(Unknown),2,0.00052,385483
sindresorhus/is-fullwidth-code-point,3,BendingBender,(Unknown),1,0.00026,385483
sindresorhus/load-json-file,1,sindresorhus,Independent,37,0.00960,385483
sindresorhus/load-json-file,2,arthurvr,(Unknown),2,0.00052,385483
sindresorhus/load-json-file,3,coreyfarrell,(Unknown),2,0.00052,385483
sindresorhus/object-assign,1,sindresorhus,Independent,35,0.00908,385483
sindresorhus/object-assign,2,jdalton,Microsoft,4,0.00104,385483
sindresorhus/object-assign,3,floatdrop,(Unknown),3,0.00078,385483
sindresorhus/path-exists,1,sindresorhus,Independent,21,0.00545,385483
sindresorhus/path-exists,2,SamVerschueren,(Unknown),5,0.00130,385483
sindresorhus/path-exists,3,SimenB,FINN.no,2,0.00052,385483
sindresorhus/path-type,1,sindresorhus,Independent,18,0.00467,385483
sindresorhus/path-type,2,coreyfarrell,(Unknown),2,0.00052,385483
sindresorhus/path-type,3,arthurvr,(Unknown),1,0.00026,385483
sindresorhus/pify,1,sindresorhus,Independent,61,0.01582,385483
sindresorhus/pify,2,SamVerschueren,(Unknown),23,0.00597,385483
sindresorhus/pify,3,schnittstabil,(Unknown),11,0.00285,385483
sindresorhus/read-pkg,1,sindresorhus,Independent,31,0.00804,385483
sindresorhus/read-pkg,2,BendingBender,(Unknown),2,0.00052,385483
sindresorhus/read-pkg,3,stevemao,(Unknown),2,0.00052,385483
sindresorhus/string-width,1,sindresorhus,Independent,31,0.00804,385483
sindresorhus/string-width,2,BendingBender,(Unknown),2,0.00052,385483
sindresorhus/string-width,3,coreyfarrell,(Unknown),1,0.00026,385483
sindresorhus/strip-bom,1,sindresorhus,Independent,16,0.00415,385483
sindresorhus/strip-bom,2,kevva,(Unknown),2,0.00052,385483
sindresorhus/strip-bom,3,BendingBender,(Unknown),1,0.00026,385483
substack/brfs,1,substack,(Unknown),13,0.00337,385483
substack/brfs,2,mattdesl,(Unknown),9,0.00233,385483
substack/minimist,1,substack,(Unknown),20,0.00519,385483
substack/minimist,2,dominictarr,(Unknown),3,0.00078,385483
substack/minimist,3,jeffbski,(Unknown),2,0.00052,385483
substack/node-mkdirp,1,substack,(Unknown),6,0.00156,385483
substack/node-mkdirp,2,isaacs,npm,2,0.00052,385483
substack/node-mkdirp,3,MylesBorins,(Unknown),2,0.00052,385483
substack/node-wordwrap,1,substack,(Unknown),4,0.00104,385483
thlorenz/browserify-shim,1,bendrucker,Eaze,15,0.00389,385483
thlorenz/browserify-shim,2,bendrucker,Valet.io,13,0.00337,385483
thlorenz/browserify-shim,3,thlorenz,(Unknown),12,0.00311,385483
tj/commander.js,1,shadowspawn,(Unknown),139,0.03606,385483
tj/commander.js,2,abetomo,(Unknown),136,0.03528,385483
tj/commander.js,3,zhiyelee,(Unknown),127,0.03295,385483
twbs/bootstrap,1,XhmikosR,Independent,15522,4.02664,385483
twbs/bootstrap,2,mdo,Microsoft,5528,1.43405,385483
twbs/bootstrap,3,Johann-S,LDLC,2378,0.61689,385483
types/env-node,1,blakeembrey,(Unknown),51,0.01323,385483
types/env-node,2,louy,(Unknown),23,0.00597,385483
types/env-node,3,unional,(Unknown),2,0.00052,385483
typicaljoe/taffydb,1,typicaljoe,(Unknown),22,0.00571,385483
typicaljoe/taffydb,2,mmikowski,(Unknown),21,0.00545,385483
typicaljoe/taffydb,3,aisera-mikowski,(Unknown),9,0.00233,385483
visionmedia/bytes.js,1,dougwilson,Salesforce,125,0.03243,385483
visionmedia/bytes.js,2,theofidry,(Unknown),6,0.00156,385483
visionmedia/bytes.js,3,timkendrick,(Unknown),3,0.00078,385483
wesleytodd/setprototypeof,1,wesleytodd,(Unknown),24,0.00623,385483
wesleytodd/setprototypeof,2,longlho,(Unknown),1,0.00026,385483
winstonjs/winston,1,indexzero,Muxta,406,0.10532,385483
winstonjs/winston,2,indexzero,Nodejitsu,330,0.08561,385483
winstonjs/winston,3,DABH,(Unknown),104,0.02698,385483
yargs/cliui,1,bcoe,npm,31,0.00804,385483
yargs/cliui,2,maxrimue,Independent,16,0.00415,385483
yargs/cliui,3,nexdrew,npm,14,0.00363,385483
yargs/yargs,1,bcoe,npm,636,0.16499,385483
yargs/yargs,2,nexdrew,npm,126,0.03269,385483
yargs/yargs,3,bcoe,Google,94,0.02438,385483
yargs/yargs-parser,1,bcoe,npm,180,0.04669,385483
yargs/yargs-parser,2,bcoe,Google,50,0.01297,385483
yargs/yargs-parser,3,maxrimue,Independent,22,0.00571,385483
zeit/ms,1,leo,Apple,62,0.01608,385483
zeit/ms,2,rauchg,(Unknown),3,0.00078,385483
zeit/ms,3,styfle,(Unknown),3,0.00078,385483
zloirock/core-js,1,zloirock,Lix,1856,0.48147,385483
zloirock/core-js,2,zloirock,Lanit-Tercom,812,0.21064,385483
zloirock/core-js,3,zloirock,Area9,641,0.16628,385483
